sim_time,phase_index,phase_state,total_queue_length,max_queue_length,vehicle_count,avg_waiting_time,queue_north_to_center_0,queue_north_to_center_1,queue_east_to_center_0,queue_east_to_center_1,queue_south_to_center_0,queue_south_to_center_1,queue_west_to_center_0,queue_west_to_center_1,llm_action,llm_duration
0,0,GGGgGGGgrrrrrrrr,0,0,3,0.0,0,0,0,0,0,0,0,0,,
1,0,GGGgGGGgrrrrrrrr,0,0,3,0.0,0,0,0,0,0,0,0,0,,
2,0,GGGgGGGgrrrrrrrr,0,0,5,0.0,0,0,0,0,0,0,0,0,,
3,0,GGGgGGGgrrrrrrrr,0,0,7,0.0,0,0,0,0,0,0,0,0,,
4,0,GGGgGGGgrrrrrrrr,0,0,8,0.0,0,0,0,0,0,0,0,0,,
5,0,GGGgGGGgrrrrrrrr,0,0,10,0.0,0,0,0,0,0,0,0,0,,
6,0,GGGgGGGgrrrrrrrr,0,0,11,0.0,0,0,0,0,0,0,0,0,,
7,0,GGGgGGGgrrrrrrrr,0,0,13,0.0,0,0,0,0,0,0,0,0,,
8,0,GGGgGGGgrrrrrrrr,0,0,13,0.0,0,0,0,0,0,0,0,0,,
9,0,GGGgGGGgrrrrrrrr,0,0,14,0.0,0,0,0,0,0,0,0,0,,
10,0,GGGgGGGgrrrrrrrr,0,0,15,0.0,0,0,0,0,0,0,0,0,keep,20
11,0,GGGgGGGgrrrrrrrr,0,0,16,0.0,0,0,0,0,0,0,0,0,,
12,0,GGGgGGGgrrrrrrrr,0,0,17,0.0,0,0,0,0,0,0,0,0,,
13,0,GGGgGGGgrrrrrrrr,0,0,18,0.0,0,0,0,0,0,0,0,0,,
14,0,GGGgGGGgrrrrrrrr,0,0,18,0.0,0,0,0,0,0,0,0,0,,
15,0,GGGgGGGgrrrrrrrr,0,0,20,0.0,0,0,0,0,0,0,0,0,,
16,0,GGGgGGGgrrrrrrrr,0,0,21,0.0,0,0,0,0,0,0,0,0,,
17,0,GGGgGGGgrrrrrrrr,0,0,23,0.0,0,0,0,0,0,0,0,0,,
18,0,GGGgGGGgrrrrrrrr,0,0,26,0.0,0,0,0,0,0,0,0,0,,
19,0,GGGgGGGgrrrrrrrr,0,0,27,0.0,0,0,0,0,0,0,0,0,,
20,0,GGGgGGGgrrrrrrrr,0,0,31,0.0,0,0,0,0,0,0,0,0,keep,20
21,0,GGGgGGGgrrrrrrrr,1,1,32,0.03,0,0,0,0,0,0,0,1,,
22,0,GGGgGGGgrrrrrrrr,1,1,35,0.06,0,0,0,0,0,0,0,1,,
23,0,GGGgGGGgrrrrrrrr,1,1,36,0.08,0,0,0,0,0,0,0,1,,
24,0,GGGgGGGgrrrrrrrr,4,2,37,0.19,0,0,0,0,1,0,1,2,,
25,0,GGGgGGGgrrrrrrrr,4,2,38,0.29,0,0,0,0,1,0,1,2,,
26,0,GGGgGGGgrrrrrrrr,4,2,42,0.36,0,0,0,0,1,0,1,2,,
27,0,GGGgGGGgrrrrrrrr,4,2,42,0.45,0,0,0,0,1,0,1,2,,
28,0,GGGgGGGgrrrrrrrr,4,2,44,0.52,0,0,0,0,1,0,1,2,,
29,0,GGGgGGGgrrrrrrrr,5,2,44,0.64,0,0,0,0,1,0,2,2,,
30,0,GGGgGGGgrrrrrrrr,7,2,46,0.76,0,0,0,0,2,1,2,2,switch,20
31,1,yyyyyyyyrrrrrrrr,7,2,49,0.86,0,0,0,0,2,1,2,2,,
32,1,yyyyyyyyrrrrrrrr,7,2,49,1.0,0,0,0,0,2,1,2,2,,
33,1,yyyyyyyyrrrrrrrr,8,3,51,1.12,0,0,0,0,2,1,3,2,,
34,1,yyyyyyyyrrrrrrrr,8,3,53,1.23,0,0,0,0,2,1,3,2,,
35,2,rrrrrrrrGGGgGGGg,5,2,54,0.54,1,0,0,0,1,0,2,1,,
36,2,rrrrrrrrGGGgGGGg,4,1,54,0.15,1,0,0,1,0,0,1,1,,
37,2,rrrrrrrrGGGgGGGg,2,1,56,0.09,1,0,0,1,0,0,0,0,,
38,2,rrrrrrrrGGGgGGGg,2,1,56,0.12,1,0,0,1,0,0,0,0,,
39,2,rrrrrrrrGGGgGGGg,3,2,57,0.19,2,0,0,1,0,0,0,0,,
40,2,rrrrrrrrGGGgGGGg,4,3,58,0.28,3,0,0,1,0,0,0,0,keep,20
41,2,rrrrrrrrGGGgGGGg,5,3,60,0.38,3,0,0,1,0,0,0,1,,
42,2,rrrrrrrrGGGgGGGg,7,3,62,0.48,3,1,0,1,0,0,0,2,,
43,2,rrrrrrrrGGGgGGGg,8,3,61,0.64,3,1,0,1,0,0,0,3,,
44,2,rrrrrrrrGGGgGGGg,11,5,61,0.84,5,2,0,1,0,0,0,3,,
45,2,rrrrrrrrGGGgGGGg,12,5,60,1.07,5,3,0,1,0,0,0,3,,
46,2,rrrrrrrrGGGgGGGg,12,5,60,1.28,5,3,0,1,0,0,0,3,,
47,2,rrrrrrrrGGGgGGGg,13,5,60,1.53,5,3,0,1,0,0,0,4,,
48,2,rrrrrrrrGGGgGGGg,14,5,59,1.8,5,4,0,1,0,0,0,4,,
49,2,rrrrrrrrGGGgGGGg,15,5,60,2.03,5,4,0,1,0,0,0,5,,
50,2,rrrrrrrrGGGgGGGg,17,5,62,2.26,5,5,1,1,0,0,0,5,keep,20
51,2,rrrrrrrrGGGgGGGg,18,5,62,2.56,5,5,1,2,0,0,0,5,,
52,2,rrrrrrrrGGGgGGGg,19,6,63,2.84,6,5,1,2,0,0,0,5,,
53,2,rrrrrrrrGGGgGGGg,21,6,64,3.14,6,5,2,2,0,0,0,6,,
54,2,rrrrrrrrGGGgGGGg,22,6,65,3.46,6,5,2,2,0,1,0,6,,
55,2,rrrrrrrrGGGgGGGg,24,6,66,3.77,6,6,2,2,1,1,0,6,,
56,2,rrrrrrrrGGGgGGGg,25,6,65,4.22,6,6,2,2,1,2,0,6,,
57,2,rrrrrrrrGGGgGGGg,26,7,66,4.55,7,6,2,3,0,2,0,6,,
58,2,rrrrrrrrGGGgGGGg,27,7,66,4.97,7,6,2,3,0,3,1,5,,
59,2,rrrrrrrrGGGgGGGg,27,7,67,5.22,7,6,2,3,0,4,0,5,,
60,2,rrrrrrrrGGGgGGGg,29,7,67,5.67,7,6,3,4,0,4,0,5,keep,20
61,2,rrrrrrrrGGGgGGGg,31,7,68,6.07,7,7,3,4,0,5,0,5,,
62,2,rrrrrrrrGGGgGGGg,32,7,70,6.36,7,7,3,4,1,5,0,5,,
63,2,rrrrrrrrGGGgGGGg,31,7,70,6.8,7,7,3,4,0,5,0,5,,
64,2,rrrrrrrrGGGgGGGg,31,7,69,7.36,7,7,3,4,0,5,0,5,,
65,2,rrrrrrrrGGGgGGGg,32,8,68,7.96,7,8,3,4,0,5,0,5,,
66,2,rrrrrrrrGGGgGGGg,32,8,70,8.2,7,8,3,4,0,5,0,5,,
67,2,rrrrrrrrGGGgGGGg,35,9,70,8.71,7,9,3,4,1,5,0,6,,
68,2,rrrrrrrrGGGgGGGg,36,9,71,9.11,8,9,3,4,1,5,0,6,,
69,2,rrrrrrrrGGGgGGGg,38,9,72,9.53,8,9,4,4,2,5,1,5,,
70,2,rrrrrrrrGGGgGGGg,37,9,72,9.72,8,9,4,4,2,6,0,4,keep,20
71,2,rrrrrrrrGGGgGGGg,39,9,73,10.14,9,9,4,4,3,6,1,3,,
72,2,rrrrrrrrGGGgGGGg,39,9,73,9.95,9,9,4,4,4,7,0,2,,
73,2,rrrrrrrrGGGgGGGg,41,10,73,10.52,9,10,4,4,5,7,0,2,,
74,2,rrrrrrrrGGGgGGGg,43,10,73,11.12,10,10,4,4,5,8,0,2,,
75,2,rrrrrrrrGGGgGGGg,43,10,76,11.16,10,10,4,4,4,8,0,3,,
76,2,rrrrrrrrGGGgGGGg,45,11,77,11.53,10,11,4,4,4,8,0,4,,
77,2,rrrrrrrrGGGgGGGg,45,11,80,11.61,11,11,4,4,3,8,1,3,,
78,2,rrrrrrrrGGGgGGGg,42,11,80,11.56,11,11,4,4,2,8,0,2,,
79,2,rrrrrrrrGGGgGGGg,42,12,81,11.84,12,11,4,4,1,9,0,1,,
80,2,rrrrrrrrGGGgGGGg,41,12,81,12.31,12,11,4,4,0,9,0,1,keep,20
81,2,rrrrrrrrGGGgGGGg,41,12,85,12.22,12,11,4,4,0,9,0,1,,
82,2,rrrrrrrrGGGgGGGg,42,12,86,12.58,12,11,4,4,0,9,0,2,,
83,2,rrrrrrrrGGGgGGGg,43,12,87,12.94,12,12,4,4,0,9,0,2,,
84,2,rrrrrrrrGGGgGGGg,43,12,87,13.45,12,12,4,4,0,9,0,2,,
85,2,rrrrrrrrGGGgGGGg,44,12,88,13.82,12,12,4,4,0,9,0,3,,
86,2,rrrrrrrrGGGgGGGg,45,12,90,14.01,12,12,4,4,0,10,1,2,,
87,2,rrrrrrrrGGGgGGGg,44,12,89,14.1,12,12,4,4,0,10,0,2,,
88,2,rrrrrrrrGGGgGGGg,45,13,88,14.75,12,13,5,4,0,10,0,1,,
89,2,rrrrrrrrGGGgGGGg,44,13,89,15.07,12,13,5,4,0,10,0,0,,
90,2,rrrrrrrrGGGgGGGg,45,13,89,15.58,12,13,5,4,0,10,0,1,keep,20
91,2,rrrrrrrrGGGgGGGg,46,13,89,16.11,12,13,5,4,0,10,0,2,,
92,2,rrrrrrrrGGGgGGGg,49,13,88,16.88,13,13,5,4,0,11,0,3,,
93,2,rrrrrrrrGGGgGGGg,50,14,89,17.27,13,14,5,4,0,11,0,3,,
94,2,rrrrrrrrGGGgGGGg,52,14,89,17.84,13,14,5,4,1,11,0,4,,
95,2,rrrrrrrrGGGgGGGg,53,14,91,18.03,14,14,5,5,0,11,0,4,,
96,2,rrrrrrrrGGGgGGGg,55,15,91,18.65,14,15,6,5,0,11,0,4,,
97,2,rrrrrrrrGGGgGGGg,56,15,92,19.07,15,15,6,5,0,11,0,4,,
98,2,rrrrrrrrGGGgGGGg,59,15,93,19.51,15,15,6,5,1,12,0,5,,
99,2,rrrrrrrrGGGgGGGg,61,15,93,20.17,15,15,6,6,1,12,1,5,,
100,2,rrrrrrrrGGGgGGGg,59,15,93,20.78,15,15,6,6,1,12,0,4,keep,20
101,2,rrrrrrrrGGGgGGGg,59,15,93,21.4,15,15,6,6,1,12,1,3,,
102,2,rrrrrrrrGGGgGGGg,59,16,93,21.82,15,16,6,6,1,13,0,2,,
103,2,rrrrrrrrGGGgGGGg,57,16,94,22.11,15,16,6,6,0,13,0,1,,
104,2,rrrrrrrrGGGgGGGg,59,16,93,22.97,15,16,7,6,1,13,0,1,,
105,2,rrrrrrrrGGGgGGGg,58,16,94,23.34,15,16,7,6,0,13,0,1,,
106,2,rrrrrrrrGGGgGGGg,58,16,95,23.72,15,16,7,6,0,13,0,1,,
107,2,rrrrrrrrGGGgGGGg,60,16,95,24.36,16,16,7,6,0,13,0,2,,
108,2,rrrrrrrrGGGgGGGg,60,16,95,25.0,16,16,7,6,0,13,0,2,,
109,2,rrrrrrrrGGGgGGGg,61,16,95,25.66,16,16,7,6,0,13,0,3,,
110,2,rrrrrrrrGGGgGGGg,62,17,98,25.53,16,17,7,6,0,13,1,2,keep,20
111,2,rrrrrrrrGGGgGGGg,63,17,97,26.41,16,17,7,7,0,14,0,2,,
112,2,rrrrrrrrGGGgGGGg,63,17,98,26.8,16,17,7,7,0,14,0,2,,
113,2,rrrrrrrrGGGgGGGg,63,17,97,27.73,16,17,7,7,0,14,0,2,,
114,2,rrrrrrrrGGGgGGGg,64,17,98,28.11,16,17,7,7,0,15,0,2,,
115,2,rrrrrrrrGGGgGGGg,65,17,99,28.49,16,17,7,7,1,15,0,2,,
116,2,rrrrrrrrGGGgGGGg,67,17,100,28.89,16,17,7,7,3,14,0,3,,
117,2,rrrrrrrrGGGgGGGg,66,17,103,28.61,16,17,7,7,3,13,1,2,,
118,2,rrrrrrrrGGGgGGGg,65,17,104,28.94,17,17,7,7,2,13,0,2,,
119,2,rrrrrrrrGGGgGGGg,63,17,104,28.89,17,17,7,7,1,12,0,2,,
120,2,rrrrrrrrGGGgGGGg,63,18,105,28.58,17,18,7,7,1,11,0,2,keep,20
121,2,rrrrrrrrGGGgGGGg,63,18,106,28.31,17,18,7,7,1,11,0,2,,
122,2,rrrrrrrrGGGgGGGg,62,18,107,28.04,17,18,7,7,0,10,1,2,,
123,2,rrrrrrrrGGGgGGGg,61,18,109,27.52,18,18,7,7,0,9,0,2,,
124,2,rrrrrrrrGGGgGGGg,60,18,109,27.6,18,18,7,7,0,8,0,2,,
125,2,rrrrrrrrGGGgGGGg,61,18,108,27.92,18,18,7,7,0,9,0,2,,
126,2,rrrrrrrrGGGgGGGg,61,19,110,27.49,19,18,8,7,0,7,0,2,,
127,2,rrrrrrrrGGGgGGGg,61,19,112,27.12,19,19,8,7,0,6,0,2,,
128,2,rrrrrrrrGGGgGGGg,62,20,114,27.2,20,19,8,7,0,6,0,2,,
129,2,rrrrrrrrGGGgGGGg,63,20,115,27.15,20,19,8,7,1,6,0,2,,
130,2,rrrrrrrrGGGgGGGg,63,20,115,27.37,20,20,8,7,1,5,0,2,keep,20
131,2,rrrrrrrrGGGgGGGg,63,20,115,27.64,20,20,8,7,2,4,0,2,,
132,2,rrrrrrrrGGGgGGGg,63,20,115,27.94,20,20,8,7,2,4,0,2,,
133,2,rrrrrrrrGGGgGGGg,63,20,115,28.39,20,20,8,7,3,3,0,2,,
134,2,rrrrrrrrGGGgGGGg,64,21,116,28.63,21,21,8,7,3,2,0,2,,
135,2,rrrrrrrrGGGgGGGg,65,21,115,29.4,21,21,8,8,4,1,0,2,,
136,2,rrrrrrrrGGGgGGGg,65,21,115,29.98,21,21,8,8,4,1,0,2,,
137,2,rrrrrrrrGGGgGGGg,66,22,114,30.78,21,22,8,8,5,0,0,2,,
138,2,rrrrrrrrGGGgGGGg,68,22,114,31.39,22,22,8,8,6,0,0,2,,
139,2,rrrrrrrrGGGgGGGg,69,22,117,31.19,22,22,8,8,6,0,0,3,,
140,2,rrrrrrrrGGGgGGGg,71,23,116,32.07,23,22,8,8,7,0,0,3,keep,20
141,2,rrrrrrrrGGGgGGGg,71,23,116,32.69,23,22,8,8,7,0,0,3,,
142,2,rrrrrrrrGGGgGGGg,73,23,118,32.76,23,22,8,8,9,0,0,3,,
143,2,rrrrrrrrGGGgGGGg,75,23,117,33.7,23,23,9,8,9,0,0,3,,
144,2,rrrrrrrrGGGgGGGg,77,23,119,33.8,23,23,9,9,10,0,0,3,,
145,2,rrrrrrrrGGGgGGGg,81,23,121,33.9,23,23,10,9,11,1,1,3,,
146,2,rrrrrrrrGGGgGGGg,78,23,123,33.91,23,23,10,9,10,1,0,2,,
147,2,rrrrrrrrGGGgGGGg,80,24,121,35.13,24,23,10,9,11,1,0,2,,
148,2,rrrrrrrrGGGgGGGg,81,24,121,35.8,24,24,10,9,12,0,0,2,,
149,2,rrrrrrrrGGGgGGGg,82,24,122,36.19,24,24,10,9,13,0,0,2,,
150,2,rrrrrrrrGGGgGGGg,85,25,122,36.89,24,25,10,9,14,0,0,3,switch,20
151,3,rrrrrrrryyyyyyyy,87,25,123,37.31,25,25,10,9,15,0,0,3,,
152,3,rrrrrrrryyyyyyyy,88,25,123,38.03,25,25,10,9,16,0,0,3,,
153,3,rrrrrrrryyyyyyyy,89,25,127,37.54,25,25,10,9,17,0,0,3,,
154,3,rrrrrrrryyyyyyyy,89,25,128,37.95,25,25,10,9,17,0,0,3,,
155,0,GGGgGGGgrrrrrrrr,86,24,128,35.06,24,24,9,9,17,0,0,3,,
156,0,GGGgGGGgrrrrrrrr,84,24,128,32.31,24,23,9,8,17,0,0,3,,
157,0,GGGgGGGgrrrrrrrr,81,23,129,29.4,23,22,8,7,18,0,0,3,,
158,0,GGGgGGGgrrrrrrrr,79,23,129,26.83,23,21,7,6,19,0,0,3,,
159,0,GGGgGGGgrrrrrrrr,76,22,129,24.65,22,20,6,5,19,1,0,3,,
160,0,GGGgGGGgrrrrrrrr,75,22,131,22.78,22,19,6,4,19,2,0,3,keep,20
161,0,GGGgGGGgrrrrrrrr,73,22,131,19.97,22,18,5,4,19,2,0,3,,
162,0,GGGgGGGgrrrrrrrr,72,22,133,18.85,22,17,4,4,19,3,0,3,,
163,0,GGGgGGGgrrrrrrrr,71,22,134,17.4,22,17,3,3,19,4,0,3,,
164,0,GGGgGGGgrrrrrrrr,72,23,136,16.87,23,16,2,3,20,5,0,3,,
165,0,GGGgGGGgrrrrrrrr,71,22,136,15.15,22,16,1,4,20,5,0,3,,
166,0,GGGgGGGgrrrrrrrr,72,22,137,14.96,22,15,1,4,20,5,1,4,,
167,0,GGGgGGGgrrrrrrrr,74,22,139,14.0,22,16,0,5,19,7,1,4,,
168,0,GGGgGGGgrrrrrrrr,78,25,139,14.45,25,16,0,6,19,7,1,4,,
169,0,GGGgGGGgrrrrrrrr,76,23,139,13.73,23,16,0,6,19,7,1,4,,
170,0,GGGgGGGgrrrrrrrr,81,24,139,13.22,24,16,0,7,19,8,2,5,switch,20
171,1,yyyyyyyyrrrrrrrr,80,23,141,12.5,23,15,0,7,19,9,2,5,,
172,1,yyyyyyyyrrrrrrrr,83,22,143,12.31,22,16,0,8,19,10,3,5,,
173,1,yyyyyyyyrrrrrrrr,84,22,145,11.3,22,16,0,8,20,10,3,5,,
174,1,yyyyyyyyrrrrrrrr,86,21,147,10.95,21,16,0,9,20,11,4,5,,
175,2,rrrrrrrrGGGgGGGg,84,20,147,10.39,20,18,0,9,19,11,3,4,,
176,2,rrrrrrrrGGGgGGGg,82,20,147,9.29,20,18,1,9,19,10,2,3,,
177,2,rrrrrrrrGGGgGGGg,81,21,148,8.53,21,17,1,10,18,11,1,2,,
178,2,rrrrrrrrGGGgGGGg,78,21,148,7.86,21,16,2,11,17,10,0,1,,
179,2,rrrrrrrrGGGgGGGg,75,20,149,7.24,20,16,2,11,16,10,0,0,,
180,2,rrrrrrrrGGGgGGGg,77,22,151,7.22,22,16,3,11,15,10,0,0,keep,20
181,2,rrrrrrrrGGGgGGGg,76,21,151,6.81,21,16,3,11,15,9,0,1,,
182,2,rrrrrrrrGGGgGGGg,76,21,153,6.61,21,16,4,11,14,9,0,1,,
183,2,rrrrrrrrGGGgGGGg,79,22,153,6.59,22,16,5,11,14,9,0,2,,
184,2,rrrrrrrrGGGgGGGg,77,21,153,6.27,21,16,6,11,13,8,0,2,,
185,2,rrrrrrrrGGGgGGGg,81,22,155,6.15,22,17,7,11,12,9,0,3,,
186,2,rrrrrrrrGGGgGGGg,80,22,157,5.77,22,16,7,11,11,9,0,4,,
187,2,rrrrrrrrGGGgGGGg,77,20,157,5.7,20,16,8,11,10,8,0,4,,
188,2,rrrrrrrrGGGgGGGg,84,22,160,5.91,22,17,9,12,11,8,1,4,,
189,2,rrrrrrrrGGGgGGGg,80,22,160,5.93,22,16,9,12,10,7,0,4,,
190,2,rrrrrrrrGGGgGGGg,82,22,159,6.2,22,16,11,12,9,8,0,4,keep,20
191,2,rrrrrrrrGGGgGGGg,81,21,159,6.34,21,17,11,12,8,8,0,4,,
192,2,rrrrrrrrGGGgGGGg,83,22,160,6.73,22,17,12,12,9,7,1,3,,
193,2,rrrrrrrrGGGgGGGg,81,20,159,6.81,20,19,12,12,9,6,0,3,,
194,2,rrrrrrrrGGGgGGGg,82,21,159,6.82,21,19,12,13,8,6,0,3,,
195,2,rrrrrrrrGGGgGGGg,82,21,160,6.84,21,20,12,13,7,6,0,3,,
196,2,rrrrrrrrGGGgGGGg,82,22,161,7.09,22,21,12,13,6,5,0,3,,
197,2,rrrrrrrrGGGgGGGg,82,23,160,7.41,23,21,12,13,5,4,0,4,,
198,2,rrrrrrrrGGGgGGGg,83,24,161,7.69,24,22,12,13,4,4,0,4,,
199,2,rrrrrrrrGGGgGGGg,81,23,162,7.97,23,22,13,13,3,2,1,4,,
200,2,rrrrrrrrGGGgGGGg,76,23,161,8.34,20,23,13,13,2,2,0,3,switch,20
201,3,rrrrrrrryyyyyyyy,81,24,161,8.8,23,24,13,13,2,2,1,3,,
202,3,rrrrrrrryyyyyyyy,82,24,164,8.94,23,24,14,14,1,2,1,3,,
203,3,rrrrrrrryyyyyyyy,83,25,163,9.36,22,25,14,14,1,2,1,4,,
204,3,rrrrrrrryyyyyyyy,83,25,162,9.87,22,25,14,14,1,2,1,4,,
205,0,GGGgGGGgrrrrrrrr,83,26,162,9.48,22,26,13,13,2,2,1,4,,
206,0,GGGgGGGgrrrrrrrr,82,25,162,9.13,21,25,12,12,3,3,2,4,,
207,0,GGGgGGGgrrrrrrrr,80,25,161,8.84,21,25,11,11,3,3,2,4,,
208,0,GGGgGGGgrrrrrrrr,82,24,161,8.52,21,24,10,11,5,4,3,4,,
209,0,GGGgGGGgrrrrrrrr,81,25,161,8.2,20,25,9,11,5,4,3,4,,
210,0,GGGgGGGgrrrrrrrr,84,25,162,8.02,20,25,9,10,6,5,4,5,keep,20
211,0,GGGgGGGgrrrrrrrr,84,26,160,7.84,19,26,9,9,6,6,4,5,,
212,0,GGGgGGGgrrrrrrrr,84,26,161,7.73,19,26,8,9,7,6,4,5,,
213,0,GGGgGGGgrrrrrrrr,83,26,162,7.41,18,26,7,9,7,7,4,5,,
214,0,GGGgGGGgrrrrrrrr,83,26,162,7.16,18,26,6,9,8,7,4,5,,
215,0,GGGgGGGgrrrrrrrr,84,26,162,6.93,17,26,5,9,9,8,5,5,,
216,0,GGGgGGGgrrrrrrrr,85,25,161,7.14,18,25,4,9,10,9,5,5,,
217,0,GGGgGGGgrrrrrrrr,84,24,162,7.07,18,24,4,9,10,9,5,5,,
218,0,GGGgGGGgrrrrrrrr,84,24,161,6.98,18,24,3,9,10,10,5,5,,
219,0,GGGgGGGgrrrrrrrr,85,24,162,6.88,18,24,2,9,11,11,5,5,,
220,0,GGGgGGGgrrrrrrrr,85,24,163,6.83,17,24,1,8,12,12,5,6,keep,20
221,0,GGGgGGGgrrrrrrrr,85,24,163,7.23,17,24,0,8,13,12,5,6,,
222,0,GGGgGGGgrrrrrrrr,87,24,163,7.37,16,24,0,9,13,14,5,6,,
223,0,GGGgGGGgrrrrrrrr,86,23,162,7.59,15,23,0,9,14,14,5,6,,
224,0,GGGgGGGgrrrrrrrr,86,23,162,7.76,14,23,0,9,15,14,5,6,,
225,0,GGGgGGGgrrrrrrrr,86,23,162,7.95,14,23,0,9,15,14,5,6,,
226,0,GGGgGGGgrrrrrrrr,89,23,161,8.37,14,23,0,10,16,15,5,6,,
227,0,GGGgGGGgrrrrrrrr,92,23,161,8.61,14,23,0,11,17,16,5,6,,
228,0,GGGgGGGgrrrrrrrr,95,24,162,8.99,13,24,0,11,18,18,5,6,,
229,0,GGGgGGGgrrrrrrrr,94,23,161,9.3,12,23,0,12,18,18,5,6,,
230,0,GGGgGGGgrrrrrrrr,96,23,160,9.62,12,23,0,13,19,18,5,6,keep,20
231,0,GGGgGGGgrrrrrrrr,97,22,161,9.83,12,22,0,14,19,19,5,6,,
232,0,GGGgGGGgrrrrrrrr,97,22,161,10.11,12,22,0,13,20,19,5,6,,
233,0,GGGgGGGgrrrrrrrr,101,23,162,10.36,11,23,0,15,22,19,5,6,,
234,0,GGGgGGGgrrrrrrrr,101,23,161,10.85,10,23,0,16,21,20,5,6,,
235,0,GGGgGGGgrrrrrrrr,104,23,160,11.33,10,23,0,17,22,21,5,6,,
236,0,GGGgGGGgrrrrrrrr,104,23,162,11.49,9,22,0,17,23,22,5,6,,
237,0,GGGgGGGgrrrrrrrr,106,24,160,12.13,8,23,0,17,24,23,5,6,,
238,0,GGGgGGGgrrrrrrrr,106,24,162,12.3,6,23,1,16,24,24,6,6,,
239,0,GGGgGGGgrrrrrrrr,106,24,165,12.36,6,23,0,16,24,24,7,6,,
240,0,GGGgGGGgrrrrrrrr,106,25,165,12.67,5,23,0,16,24,25,7,6,keep,20
241,0,GGGgGGGgrrrrrrrr,106,25,167,12.96,4,23,0,16,24,25,7,7,,
242,0,GGGgGGGgrrrrrrrr,110,25,166,13.71,7,23,0,16,25,25,7,7,,
243,0,GGGgGGGgrrrrrrrr,109,25,167,14.24,7,22,0,16,25,25,7,7,,
244,0,GGGgGGGgrrrrrrrr,112,27,168,14.77,6,23,1,15,27,26,7,7,,
245,0,GGGgGGGgrrrrrrrr,111,27,170,15.08,5,24,0,14,27,27,7,7,,
246,0,GGGgGGGgrrrrrrrr,110,27,169,15.7,4,25,0,13,27,27,7,7,,
247,0,GGGgGGGgrrrrrrrr,110,27,170,16.22,3,26,0,13,27,27,7,7,,
248,0,GGGgGGGgrrrrrrrr,113,28,171,16.76,3,27,1,12,28,28,7,7,,
249,0,GGGgGGGgrrrrrrrr,112,28,173,17.11,3,27,1,11,28,28,7,7,,
250,0,GGGgGGGgrrrrrrrr,111,28,173,17.47,2,28,0,10,28,28,8,7,keep,20
251,0,GGGgGGGgrrrrrrrr,113,28,174,18.03,4,28,0,10,28,28,8,7,,
252,0,GGGgGGGgrrrrrrrr,112,29,174,18.66,2,29,0,10,28,28,8,7,,
253,0,GGGgGGGgrrrrrrrr,114,29,174,19.3,3,29,0,10,28,29,8,7,,
254,0,GGGgGGGgrrrrrrrr,115,29,175,19.83,3,29,0,11,28,29,8,7,,
255,0,GGGgGGGgrrrrrrrr,117,32,176,20.35,1,32,0,12,28,29,8,7,,
256,0,GGGgGGGgrrrrrrrr,118,31,177,20.9,2,31,0,12,28,29,8,8,,
257,0,GGGgGGGgrrrrrrrr,119,32,176,21.69,1,32,0,13,28,29,8,8,,
258,0,GGGgGGGgrrrrrrrr,118,32,178,22.11,0,32,0,13,28,29,8,8,,
259,0,GGGgGGGgrrrrrrrr,120,32,178,22.8,0,32,0,14,29,29,8,8,,
260,0,GGGgGGGgrrrrrrrr,121,32,178,23.48,0,32,0,14,29,30,8,8,keep,20
261,0,GGGgGGGgrrrrrrrr,122,32,178,24.17,0,32,1,14,29,30,8,8,,
262,0,GGGgGGGgrrrrrrrr,122,32,177,24.99,0,32,0,14,29,31,8,8,,
263,0,GGGgGGGgrrrrrrrr,123,32,177,25.69,0,32,0,14,29,32,8,8,,
264,0,GGGgGGGgrrrrrrrr,124,32,177,26.4,0,32,0,14,29,32,9,8,,
265,0,GGGgGGGgrrrrrrrr,124,32,178,26.96,0,32,0,14,29,32,9,8,,
266,0,GGGgGGGgrrrrrrrr,126,32,179,27.51,0,32,0,15,29,32,9,9,,
267,0,GGGgGGGgrrrrrrrr,126,32,179,28.22,0,32,0,15,29,32,9,9,,
268,0,GGGgGGGgrrrrrrrr,127,32,179,28.94,0,32,0,15,29,32,9,10,,
269,0,GGGgGGGgrrrrrrrr,129,32,181,29.34,0,32,0,16,30,32,9,10,,
270,0,GGGgGGGgrrrrrrrr,129,32,180,30.22,0,32,0,16,30,32,9,10,switch,20
271,1,yyyyyyyyrrrrrrrr,131,32,180,30.61,1,32,1,15,31,32,9,10,,
272,1,yyyyyyyyrrrrrrrr,130,32,183,30.8,1,32,0,15,31,32,9,10,,
273,1,yyyyyyyyrrrrrrrr,132,32,184,31.35,2,32,0,15,32,32,9,10,,
274,1,yyyyyyyyrrrrrrrr,133,32,184,32.07,3,32,0,15,32,32,9,10,,
275,2,rrrrrrrrGGGgGGGg,129,32,184,31.07,3,32,0,15,31,31,8,9,,
276,2,rrrrrrrrGGGgGGGg,128,32,184,30.1,4,32,1,15,30,30,8,8,,
277,2,rrrrrrrrGGGgGGGg,125,32,185,28.97,4,32,1,15,29,29,8,7,,
278,2,rrrrrrrrGGGgGGGg,123,32,186,27.96,5,32,2,15,28,28,7,6,,
279,2,rrrrrrrrGGGgGGGg,121,32,187,26.99,6,32,3,15,27,27,6,5,,
280,2,rrrrrrrrGGGgGGGg,119,32,187,26.35,6,32,4,15,26,27,5,4,keep,20
281,2,rrrrrrrrGGGgGGGg,119,32,187,25.82,7,32,5,15,25,27,4,4,,
282,2,rrrrrrrrGGGgGGGg,118,32,187,25.42,8,32,5,15,25,26,3,4,,
283,2,rrrrrrrrGGGgGGGg,119,32,187,25.15,9,32,6,15,25,26,2,4,,
284,2,rrrrrrrrGGGgGGGg,121,32,186,25.94,10,32,6,15,25,26,2,5,,
285,2,rrrrrrrrGGGgGGGg,122,32,186,25.73,10,32,7,15,25,26,2,5,,
286,2,rrrrrrrrGGGgGGGg,124,32,186,25.62,11,32,8,16,25,25,2,5,,
287,2,rrrrrrrrGGGgGGGg,121,32,189,25.14,11,32,8,16,24,25,1,4,,
288,2,rrrrrrrrGGGgGGGg,122,32,189,25.07,12,32,9,16,23,25,0,5,,
289,2,rrrrrrrrGGGgGGGg,124,32,190,24.9,13,32,9,16,23,25,0,6,,
290,2,rrrrrrrrGGGgGGGg,125,32,189,25.01,13,32,10,16,23,25,0,6,keep,20
291,2,rrrrrrrrGGGgGGGg,126,32,188,25.44,14,32,10,16,23,24,0,7,,
292,2,rrrrrrrrGGGgGGGg,125,32,188,25.36,14,32,10,16,22,24,0,7,,
293,2,rrrrrrrrGGGgGGGg,125,32,188,25.29,15,32,10,16,21,23,0,8,,
294,2,rrrrrrrrGGGgGGGg,124,32,187,25.36,15,32,10,16,20,22,0,9,,
295,2,rrrrrrrrGGGgGGGg,126,32,187,25.66,16,32,10,16,19,23,0,10,,
296,2,rrrrrrrrGGGgGGGg,123,32,188,25.48,16,32,10,16,16,23,0,10,,
297,2,rrrrrrrrGGGgGGGg,123,32,187,25.59,17,32,10,16,16,22,0,10,,
298,2,rrrrrrrrGGGgGGGg,127,32,187,25.58,19,32,11,17,15,22,0,11,,
299,2,rrrrrrrrGGGgGGGg,127,32,187,25.55,19,32,11,17,14,22,0,12,,
300,2,rrrrrrrrGGGgGGGg,126,32,186,25.98,19,32,11,17,13,21,0,13,keep,30
301,2,rrrrrrrrGGGgGGGg,127,32,186,26.31,20,32,11,17,11,23,0,13,,
302,2,rrrrrrrrGGGgGGGg,125,32,186,26.3,21,32,11,17,10,21,1,12,,
303,2,rrrrrrrrGGGgGGGg,124,32,185,26.76,21,32,11,17,9,23,0,11,,
304,2,rrrrrrrrGGGgGGGg,124,32,185,26.77,22,32,11,17,10,21,0,11,,
305,2,rrrrrrrrGGGgGGGg,125,32,185,27.1,23,32,12,17,8,22,1,10,,
306,2,rrrrrrrrGGGgGGGg,126,32,185,27.01,26,32,12,17,8,22,0,9,,
307,2,rrrrrrrrGGGgGGGg,121,32,184,27.16,24,32,12,17,6,21,0,9,,
308,2,rrrrrrrrGGGgGGGg,120,32,183,27.42,25,32,12,17,4,21,0,9,,
309,2,rrrrrrrrGGGgGGGg,120,32,182,27.73,27,32,12,17,3,21,0,8,,
310,2,rrrrrrrrGGGgGGGg,117,32,184,27.57,26,32,13,17,2,20,0,7,keep,20
311,2,rrrrrrrrGGGgGGGg,123,32,183,28.39,28,32,13,17,2,23,0,8,,
312,2,rrrrrrrrGGGgGGGg,125,32,183,29.06,29,32,14,17,2,23,0,8,,
313,2,rrrrrrrrGGGgGGGg,125,32,183,29.72,28,32,14,17,2,23,0,9,,
314,2,rrrrrrrrGGGgGGGg,127,32,184,30.24,29,32,14,17,1,24,1,9,,
315,2,rrrrrrrrGGGgGGGg,124,32,183,30.8,30,32,14,17,0,23,0,8,,
316,2,rrrrrrrrGGGgGGGg,128,32,184,31.3,31,32,14,17,1,25,0,8,,
317,2,rrrrrrrrGGGgGGGg,127,32,185,31.79,32,32,14,17,0,25,1,6,,
318,2,rrrrrrrrGGGgGGGg,127,32,185,32.46,32,32,14,17,0,26,0,6,,
319,2,rrrrrrrrGGGgGGGg,129,32,185,33.16,32,32,14,17,0,28,0,6,,
320,2,rrrrrrrrGGGgGGGg,130,32,185,33.86,32,32,14,17,1,28,1,5,keep,20
321,2,rrrrrrrrGGGgGGGg,127,32,185,34.36,32,32,14,17,0,28,0,4,,
322,2,rrrrrrrrGGGgGGGg,128,32,184,35.24,32,32,14,17,0,29,0,4,,
323,2,rrrrrrrrGGGgGGGg,130,32,184,35.96,32,32,14,17,1,30,0,4,,
324,2,rrrrrrrrGGGgGGGg,131,32,184,36.67,32,32,15,17,0,31,0,4,,
325,2,rrrrrrrrGGGgGGGg,131,32,184,37.39,32,32,15,17,0,31,0,4,,
326,2,rrrrrrrrGGGgGGGg,133,32,185,37.91,32,32,15,17,0,32,0,5,,
327,2,rrrrrrrrGGGgGGGg,135,32,185,38.65,32,32,15,18,1,32,0,5,,
328,2,rrrrrrrrGGGgGGGg,136,32,186,39.17,32,32,15,18,1,32,0,6,,
329,2,rrrrrrrrGGGgGGGg,137,32,187,39.69,32,32,16,18,0,32,0,7,,
330,2,rrrrrrrrGGGgGGGg,138,32,188,40.22,32,32,16,18,1,32,0,7,switch,15
331,3,rrrrrrrryyyyyyyy,139,32,188,40.96,32,32,17,18,1,32,0,7,,
332,3,rrrrrrrryyyyyyyy,140,32,185,42.1,32,32,17,18,1,32,0,8,,
333,3,rrrrrrrryyyyyyyy,140,32,185,42.85,32,32,17,18,1,32,0,8,,
334,3,rrrrrrrryyyyyyyy,143,32,186,43.39,32,32,18,19,1,32,1,8,,
335,0,GGGgGGGgrrrrrrrr,141,32,186,42.83,31,32,17,18,2,32,1,8,,
336,0,GGGgGGGgrrrrrrrr,140,32,186,42.27,30,32,16,17,3,32,2,8,,
337,0,GGGgGGGgrrrrrrrr,137,32,185,41.25,29,31,15,16,3,32,3,8,,
338,0,GGGgGGGgrrrrrrrr,136,32,185,40.0,29,30,14,15,4,32,4,8,,
339,0,GGGgGGGgrrrrrrrr,134,32,185,38.73,28,29,14,14,5,32,4,8,,
340,0,GGGgGGGgrrrrrrrr,131,32,186,37.26,27,28,13,14,5,32,4,8,switch,20
341,1,yyyyyyyyrrrrrrrr,127,32,185,36.86,25,28,12,13,5,32,4,8,,
342,1,yyyyyyyyrrrrrrrr,126,32,186,35.41,24,27,12,12,6,32,4,9,,
343,1,yyyyyyyyrrrrrrrr,123,32,185,34.33,23,26,11,11,7,32,4,9,,
344,1,yyyyyyyyrrrrrrrr,126,32,185,33.41,24,26,11,11,8,32,5,9,,
345,2,rrrrrrrrGGGgGGGg,121,32,185,31.83,24,26,10,11,6,32,4,8,,
346,2,rrrrrrrrGGGgGGGg,118,32,187,30.7,23,25,11,11,6,32,3,7,,
347,2,rrrrrrrrGGGgGGGg,116,32,188,29.02,23,25,11,11,6,32,2,6,,
348,2,rrrrrrrrGGGgGGGg,113,32,188,28.18,22,25,10,11,6,32,2,5,,
349,2,rrrrrrrrGGGgGGGg,111,32,188,26.94,22,25,10,11,6,32,1,4,,
350,2,rrrrrrrrGGGgGGGg,109,32,189,26.11,23,25,10,11,5,32,0,3,keep,20
351,2,rrrrrrrrGGGgGGGg,106,32,190,24.94,22,24,9,10,6,32,0,3,,
352,2,rrrrrrrrGGGgGGGg,106,32,190,24.3,22,24,9,10,7,32,0,2,,
353,2,rrrrrrrrGGGgGGGg,105,32,190,23.43,22,24,9,10,7,32,0,1,,
354,2,rrrrrrrrGGGgGGGg,105,32,189,23.54,21,24,9,10,7,32,0,2,,
355,2,rrrrrrrrGGGgGGGg,106,32,189,23.24,22,24,8,10,7,32,0,3,,
356,2,rrrrrrrrGGGgGGGg,105,32,190,22.55,21,24,7,10,7,32,0,4,,
357,2,rrrrrrrrGGGgGGGg,108,32,189,22.85,22,25,8,10,7,32,0,4,,
358,2,rrrrrrrrGGGgGGGg,102,32,190,21.61,20,22,9,10,5,32,0,4,,
359,2,rrrrrrrrGGGgGGGg,106,32,190,21.83,20,24,10,10,5,32,1,4,,
360,2,rrrrrrrrGGGgGGGg,106,32,189,21.49,20,23,11,11,4,32,0,5,keep,20
361,2,rrrrrrrrGGGgGGGg,107,32,189,21.38,21,22,12,12,4,32,0,4,,
362,2,rrrrrrrrGGGgGGGg,106,32,191,20.74,21,22,12,12,3,32,0,4,,
363,2,rrrrrrrrGGGgGGGg,105,32,193,20.75,20,23,12,12,3,32,0,3,,
364,2,rrrrrrrrGGGgGGGg,105,32,194,20.55,21,22,12,13,3,32,0,2,,
365,2,rrrrrrrrGGGgGGGg,107,32,194,20.2,20,22,13,13,4,32,0,3,,
366,2,rrrrrrrrGGGgGGGg,110,32,192,20.05,20,22,14,14,4,32,0,4,,
367,2,rrrrrrrrGGGgGGGg,112,32,192,19.99,21,21,15,15,4,32,0,4,,
368,2,rrrrrrrrGGGgGGGg,112,32,194,19.44,20,21,16,16,2,32,0,5,,
369,2,rrrrrrrrGGGgGGGg,114,32,194,19.73,20,21,16,17,2,32,0,6,,
370,2,rrrrrrrrGGGgGGGg,115,32,193,19.51,20,21,17,17,2,32,0,6,switch,20
371,3,rrrrrrrryyyyyyyy,121,32,193,19.73,20,22,18,18,4,32,0,7,,
372,3,rrrrrrrryyyyyyyy,122,32,193,19.13,21,20,19,19,4,32,0,7,,
373,3,rrrrrrrryyyyyyyy,124,32,193,18.85,21,20,19,20,4,32,1,7,,
374,3,rrrrrrrryyyyyyyy,125,32,193,18.89,21,20,20,21,3,32,1,7,,
375,0,GGGgGGGgrrrrrrrr,125,32,193,18.9,21,19,19,20,5,32,1,8,,
376,0,GGGgGGGgrrrrrrrr,127,32,194,18.81,21,19,20,20,5,32,2,8,,
377,0,GGGgGGGgrrrrrrrr,125,32,195,18.74,20,19,19,19,6,32,3,7,,
378,0,GGGgGGGgrrrrrrrr,124,32,195,18.76,21,19,18,19,6,32,2,7,,
379,0,GGGgGGGgrrrrrrrr,125,32,194,18.93,21,19,18,19,6,32,3,7,,
380,0,GGGgGGGgrrrrrrrr,125,32,195,18.91,22,19,17,18,7,32,3,7,switch,20
381,1,yyyyyyyyrrrrrrrr,125,32,194,19.06,22,19,17,18,7,32,3,7,,
382,1,yyyyyyyyrrrrrrrr,125,32,194,19.15,22,19,16,17,8,32,4,7,,
383,1,yyyyyyyyrrrrrrrr,129,32,195,19.31,24,19,16,17,9,32,5,7,,
384,1,yyyyyyyyrrrrrrrr,129,32,196,19.45,23,20,15,18,9,32,5,7,,
385,2,rrrrrrrrGGGgGGGg,127,32,196,19.43,22,20,15,17,9,32,5,7,,
386,2,rrrrrrrrGGGgGGGg,126,32,196,19.36,25,18,15,16,9,32,4,7,,
387,2,rrrrrrrrGGGgGGGg,122,32,196,19.19,23,19,14,16,8,32,4,6,,
388,2,rrrrrrrrGGGgGGGg,124,32,196,19.24,24,20,15,17,8,32,3,5,,
389,2,rrrrrrrrGGGgGGGg,122,32,195,19.26,24,20,16,15,9,32,2,4,,
390,2,rrrrrrrrGGGgGGGg,117,32,196,19.1,23,19,15,15,8,32,2,3,switch,20
391,3,rrrrrrrryyyyyyyy,115,32,196,19.01,23,19,15,15,8,32,1,2,,
392,3,rrrrrrrryyyyyyyy,120,32,196,19.43,23,20,16,17,9,32,1,2,,
393,3,rrrrrrrryyyyyyyy,119,32,197,19.38,23,19,16,16,10,32,1,2,,
394,3,rrrrrrrryyyyyyyy,117,32,197,19.44,23,19,15,16,9,32,2,1,,
395,0,GGGgGGGgrrrrrrrr,117,32,197,19.37,21,19,15,15,10,32,3,2,,
396,0,GGGgGGGgrrrrrrrr,112,32,197,19.18,20,17,14,14,9,32,3,3,,
397,0,GGGgGGGgrrrrrrrr,108,32,197,19.23,20,16,12,12,9,32,4,3,,
398,0,GGGgGGGgrrrrrrrr,107,32,197,19.11,19,15,11,10,12,32,4,4,,
399,0,GGGgGGGgrrrrrrrr,103,32,197,18.95,17,14,9,10,11,32,5,5,,
400,0,GGGgGGGgrrrrrrrr,100,32,196,18.93,17,12,9,8,12,32,5,5,keep,20
401,0,GGGgGGGgrrrrrrrr,100,32,197,18.98,15,12,10,8,12,32,6,5,,
402,0,GGGgGGGgrrrrrrrr,99,32,196,19.11,15,11,8,7,13,32,7,6,,
403,0,GGGgGGGgrrrrrrrr,98,32,196,19.22,14,10,9,6,13,32,7,7,,
404,0,GGGgGGGgrrrrrrrr,93,32,196,19.24,12,8,7,6,14,32,7,7,,
405,0,GGGgGGGgrrrrrrrr,92,32,196,19.42,12,7,5,5,16,32,7,8,,
406,0,GGGgGGGgrrrrrrrr,91,32,194,19.66,11,7,5,6,15,32,7,8,,
407,0,GGGgGGGgrrrrrrrr,90,32,194,19.85,9,6,6,6,16,32,7,8,,
408,0,GGGgGGGgrrrrrrrr,89,32,195,19.8,10,6,4,4,17,32,7,9,,
409,0,GGGgGGGgrrrrrrrr,90,32,195,19.93,7,6,6,4,19,32,7,9,,
410,0,GGGgGGGgrrrrrrrr,91,32,195,20.07,7,5,7,5,19,32,7,9,switch,15
411,1,yyyyyyyyrrrrrrrr,90,32,194,20.36,6,5,7,5,19,32,7,9,,
412,1,yyyyyyyyrrrrrrrr,90,32,194,20.57,7,5,5,5,20,32,7,9,,
413,1,yyyyyyyyrrrrrrrr,92,32,194,20.95,6,5,7,5,21,32,7,9,,
414,1,yyyyyyyyrrrrrrrr,92,32,193,21.4,6,5,8,5,20,32,7,9,,
415,2,rrrrrrrrGGGgGGGg,93,32,193,21.42,7,6,7,6,21,32,6,8,,
416,2,rrrrrrrrGGGgGGGg,89,31,192,21.53,7,6,8,6,19,31,5,7,,
417,2,rrrrrrrrGGGgGGGg,89,31,192,20.8,7,7,8,7,19,31,4,6,,
418,2,rrrrrrrrGGGgGGGg,86,31,193,20.68,7,7,8,7,18,31,3,5,,
419,2,rrrrrrrrGGGgGGGg,86,30,193,20.05,8,8,9,8,17,30,2,4,,
420,2,rrrrrrrrGGGgGGGg,82,29,192,19.46,9,8,9,8,15,29,1,3,keep,20
421,2,rrrrrrrrGGGgGGGg,78,28,193,18.65,9,9,8,8,14,28,0,2,,
422,2,rrrrrrrrGGGgGGGg,79,27,194,17.99,10,10,8,8,14,27,0,2,,
423,2,rrrrrrrrGGGgGGGg,77,26,194,17.43,10,11,8,7,14,26,0,1,,
424,2,rrrrrrrrGGGgGGGg,79,25,194,16.96,12,12,7,7,14,25,0,2,,
425,2,rrrrrrrrGGGgGGGg,81,26,193,17.45,11,12,8,8,14,26,0,2,,
426,2,rrrrrrrrGGGgGGGg,84,24,193,17.04,11,15,8,9,14,24,0,3,,
427,2,rrrrrrrrGGGgGGGg,88,23,194,16.71,13,15,10,9,14,23,0,4,,
428,2,rrrrrrrrGGGgGGGg,88,23,195,16.96,13,15,9,10,14,23,0,4,,
429,2,rrrrrrrrGGGgGGGg,89,22,196,16.53,13,15,10,10,14,22,0,5,,
430,2,rrrrrrrrGGGgGGGg,92,22,196,16.2,13,16,11,10,15,22,0,5,keep,20
431,2,rrrrrrrrGGGgGGGg,93,21,197,15.8,12,17,12,11,14,21,0,6,,
432,2,rrrrrrrrGGGgGGGg,97,21,197,15.52,13,18,13,12,14,21,0,6,,
433,2,rrrrrrrrGGGgGGGg,98,20,196,15.34,14,18,13,14,13,20,0,6,,
434,2,rrrrrrrrGGGgGGGg,99,20,195,15.17,15,18,14,14,12,20,0,6,,
435,2,rrrrrrrrGGGgGGGg,106,20,195,15.04,15,20,15,15,14,20,0,7,,
436,2,rrrrrrrrGGGgGGGg,108,20,195,15.59,15,20,16,15,15,20,0,7,,
437,2,rrrrrrrrGGGgGGGg,109,20,197,15.23,16,20,16,16,14,20,0,7,,
438,2,rrrrrrrrGGGgGGGg,114,21,198,15.65,16,21,17,17,14,21,1,7,,
439,2,rrrrrrrrGGGgGGGg,119,24,199,15.41,17,24,19,18,13,21,0,7,,
440,2,rrrrrrrrGGGgGGGg,117,24,199,15.25,18,24,18,17,12,21,0,7,keep,20
441,2,rrrrrrrrGGGgGGGg,118,23,198,15.18,19,23,19,18,12,20,0,7,,
442,2,rrrrrrrrGGGgGGGg,119,24,198,15.02,19,24,20,19,11,19,0,7,,
443,2,rrrrrrrrGGGgGGGg,124,25,199,14.82,20,25,21,21,11,19,0,7,,
444,2,rrrrrrrrGGGgGGGg,127,26,198,14.89,21,26,21,21,12,19,0,7,,
445,2,rrrrrrrrGGGgGGGg,128,27,199,14.73,21,27,22,22,11,18,0,7,,
446,2,rrrrrrrrGGGgGGGg,129,27,200,14.57,22,27,22,22,11,18,0,7,,
447,2,rrrrrrrrGGGgGGGg,134,28,200,14.6,23,28,23,23,12,18,0,7,,
448,2,rrrrrrrrGGGgGGGg,135,29,200,14.47,25,29,23,23,11,17,0,7,,
449,2,rrrrrrrrGGGgGGGg,137,30,198,14.52,25,30,24,25,9,17,0,7,,
450,2,rrrrrrrrGGGgGGGg,138,31,198,14.98,26,31,25,25,7,17,0,7,keep,20
451,2,rrrrrrrrGGGgGGGg,138,31,198,14.81,26,31,26,26,6,16,0,7,,
452,2,rrrrrrrrGGGgGGGg,138,32,198,14.73,27,32,26,26,6,14,0,7,,
453,2,rrrrrrrrGGGgGGGg,139,32,198,14.57,28,32,28,27,4,13,0,7,,
454,2,rrrrrrrrGGGgGGGg,137,32,199,14.42,28,32,27,27,4,12,0,7,,
455,2,rrrrrrrrGGGgGGGg,137,32,198,15.07,29,32,28,27,3,11,0,7,,
456,2,rrrrrrrrGGGgGGGg,137,32,198,15.66,29,32,28,27,2,11,1,7,,
457,2,rrrrrrrrGGGgGGGg,138,32,198,16.24,30,32,28,27,3,11,0,7,,
458,2,rrrrrrrrGGGgGGGg,140,32,198,16.88,31,32,28,27,5,10,0,7,,
459,2,rrrrrrrrGGGgGGGg,142,32,199,17.41,32,32,28,27,5,11,0,7,,
460,2,rrrrrrrrGGGgGGGg,143,32,198,18.13,32,32,28,28,4,12,0,7,keep,20
461,2,rrrrrrrrGGGgGGGg,142,32,200,18.63,32,32,28,28,3,12,0,7,,
462,2,rrrrrrrrGGGgGGGg,143,32,201,19.15,32,32,28,28,3,13,0,7,,
463,2,rrrrrrrrGGGgGGGg,142,32,201,19.78,32,32,28,28,2,13,0,7,,
464,2,rrrrrrrrGGGgGGGg,145,32,200,20.54,32,32,29,28,3,14,0,7,,
465,2,rrrrrrrrGGGgGGGg,145,32,199,21.3,32,32,29,28,3,14,0,7,,
466,2,rrrrrrrrGGGgGGGg,144,32,199,21.95,32,32,29,28,2,14,0,7,,
467,2,rrrrrrrrGGGgGGGg,144,32,198,22.71,32,32,29,28,2,14,0,7,,
468,2,rrrrrrrrGGGgGGGg,146,32,198,23.44,32,32,29,28,2,16,0,7,,
469,2,rrrrrrrrGGGgGGGg,145,32,199,23.98,32,32,29,28,0,17,0,7,,
470,2,rrrrrrrrGGGgGGGg,147,32,198,24.72,32,32,29,28,1,18,0,7,keep,20
471,2,rrrrrrrrGGGgGGGg,145,32,197,25.46,32,32,29,28,1,16,0,7,,
472,2,rrrrrrrrGGGgGGGg,142,32,197,26.07,32,32,29,28,1,13,0,7,,
473,2,rrrrrrrrGGGgGGGg,143,32,197,26.69,32,32,29,28,0,15,0,7,,
474,2,rrrrrrrrGGGgGGGg,143,32,195,27.6,32,32,29,28,1,14,0,7,,
475,2,rrrrrrrrGGGgGGGg,143,32,195,28.24,32,32,29,28,1,14,0,7,,
476,2,rrrrrrrrGGGgGGGg,140,32,196,28.71,32,32,29,28,1,11,0,7,,
477,2,rrrrrrrrGGGgGGGg,141,32,196,29.35,32,32,29,28,2,11,0,7,,
478,2,rrrrrrrrGGGgGGGg,141,32,195,30.12,32,32,29,28,2,11,0,7,,
479,2,rrrrrrrrGGGgGGGg,140,32,197,30.45,32,32,30,28,1,10,0,7,,
480,2,rrrrrrrrGGGgGGGg,140,32,197,31.13,32,32,30,28,2,9,0,7,keep,20
481,2,rrrrrrrrGGGgGGGg,138,32,196,31.91,32,32,30,28,1,8,0,7,,
482,2,rrrrrrrrGGGgGGGg,138,32,197,32.41,32,32,30,28,0,9,0,7,,
483,2,rrrrrrrrGGGgGGGg,140,32,198,32.92,32,32,30,29,0,10,0,7,,
484,2,rrrrrrrrGGGgGGGg,139,32,198,33.55,32,32,30,29,0,9,0,7,,
485,2,rrrrrrrrGGGgGGGg,139,32,197,34.37,32,32,30,29,0,9,0,7,,
486,2,rrrrrrrrGGGgGGGg,140,32,197,35.06,32,32,30,30,1,8,0,7,,
487,2,rrrrrrrrGGGgGGGg,139,32,196,35.88,32,32,30,30,0,8,0,7,,
488,2,rrrrrrrrGGGgGGGg,140,32,196,36.54,32,32,31,31,0,7,0,7,,
489,2,rrrrrrrrGGGgGGGg,140,32,197,37.03,32,32,31,31,0,7,0,7,,
490,2,rrrrrrrrGGGgGGGg,140,32,197,37.69,32,32,31,31,0,7,0,7,switch,20
491,3,rrrrrrrryyyyyyyy,140,32,197,38.35,32,32,31,31,0,7,0,7,,
492,3,rrrrrrrryyyyyyyy,139,32,197,39.02,32,32,31,31,0,6,0,7,,
493,3,rrrrrrrryyyyyyyy,139,32,196,39.89,32,32,31,31,0,6,0,7,,
494,3,rrrrrrrryyyyyyyy,140,32,196,40.21,32,32,31,31,1,6,0,7,,
495,0,GGGgGGGgrrrrrrrr,138,32,197,39.41,31,32,30,30,1,7,0,7,,
496,0,GGGgGGGgrrrrrrrr,135,32,197,38.83,30,32,29,29,2,6,0,7,,
497,0,GGGgGGGgrrrrrrrr,134,32,197,38.25,29,32,28,28,3,7,0,7,,
498,0,GGGgGGGgrrrrrrrr,132,32,197,37.7,28,32,27,28,3,7,0,7,,
499,0,GGGgGGGgrrrrrrrr,132,32,198,36.95,27,32,27,27,4,8,0,7,,
500,0,GGGgGGGgrrrrrrrr,130,32,198,36.41,26,32,26,26,4,8,1,7,keep,20
501,0,GGGgGGGgrrrrrrrr,130,32,197,36.83,26,32,26,25,5,8,1,7,,
502,0,GGGgGGGgrrrrrrrr,130,32,198,36.12,26,32,25,24,6,9,1,7,,
503,0,GGGgGGGgrrrrrrrr,127,32,198,35.54,26,32,24,23,7,7,1,7,,
504,0,GGGgGGGgrrrrrrrr,126,32,197,35.16,24,32,23,22,7,9,2,7,,
505,0,GGGgGGGgrrrrrrrr,125,32,197,35.0,23,32,22,22,8,9,2,7,,
506,0,GGGgGGGgrrrrrrrr,120,32,197,34.43,21,32,21,21,8,8,2,7,,
507,0,GGGgGGGgrrrrrrrr,119,32,197,33.87,20,32,20,20,9,9,2,7,,
508,0,GGGgGGGgrrrrrrrr,116,32,198,33.13,19,32,19,19,9,9,2,7,,
509,0,GGGgGGGgrrrrrrrr,114,32,196,32.89,19,32,18,18,10,8,2,7,,
510,0,GGGgGGGgrrrrrrrr,115,32,197,32.54,19,32,18,17,10,10,2,7,keep,20
511,0,GGGgGGGgrrrrrrrr,116,32,198,32.95,19,32,18,17,11,10,2,7,,
512,0,GGGgGGGgrrrrrrrr,115,32,197,32.17,19,32,16,16,12,11,2,7,,
513,0,GGGgGGGgrrrrrrrr,114,31,197,31.45,18,31,16,15,13,12,2,7,,
514,0,GGGgGGGgrrrrrrrr,115,30,198,30.59,19,30,15,15,14,13,2,7,,
515,0,GGGgGGGgrrrrrrrr,110,29,199,29.3,17,29,14,14,14,13,2,7,,
516,0,GGGgGGGgrrrrrrrr,107,28,199,28.17,15,28,13,14,15,13,2,7,,
517,0,GGGgGGGgrrrrrrrr,105,27,201,26.78,14,27,12,14,15,14,2,7,,
518,0,GGGgGGGgrrrrrrrr,110,26,201,26.43,15,26,13,14,16,15,4,7,,
519,0,GGGgGGGgrrrrrrrr,108,25,201,25.7,15,25,12,13,17,16,3,7,,
520,0,GGGgGGGgrrrrrrrr,104,24,200,24.73,13,24,11,12,18,16,3,7,keep,20
521,0,GGGgGGGgrrrrrrrr,103,24,200,24.14,12,24,10,12,18,17,3,7,,
522,0,GGGgGGGgrrrrrrrr,105,24,200,23.88,12,24,9,13,19,17,4,7,,
523,0,GGGgGGGgrrrrrrrr,104,23,201,22.64,11,23,8,13,19,19,4,7,,
524,0,GGGgGGGgrrrrrrrr,101,22,201,21.52,9,22,7,12,20,20,4,7,,
525,0,GGGgGGGgrrrrrrrr,100,21,200,20.86,8,21,6,12,21,21,4,7,,
526,0,GGGgGGGgrrrrrrrr,100,22,201,20.0,8,20,5,12,22,21,5,7,,
527,0,GGGgGGGgrrrrrrrr,98,24,200,19.02,6,19,4,11,24,22,5,7,,
528,0,GGGgGGGgrrrrrrrr,94,23,200,18.38,4,18,4,11,23,22,5,7,,
529,0,GGGgGGGgrrrrrrrr,97,24,198,17.64,6,17,3,11,24,23,5,8,,
530,0,GGGgGGGgrrrrrrrr,94,24,198,16.98,3,16,2,12,24,24,5,8,keep,30
531,0,GGGgGGGgrrrrrrrr,93,25,197,16.81,3,15,2,12,25,23,5,8,,
532,0,GGGgGGGgrrrrrrrr,94,26,197,16.39,5,14,1,11,26,24,5,8,,
533,0,GGGgGGGgrrrrrrrr,95,28,197,16.2,4,13,0,11,28,25,6,8,,
534,0,GGGgGGGgrrrrrrrr,99,28,197,16.71,5,13,0,13,28,26,6,8,,
535,0,GGGgGGGgrrrrrrrr,98,28,199,16.53,5,12,0,13,28,26,6,8,,
536,0,GGGgGGGgrrrrrrrr,102,29,199,16.56,6,11,0,14,29,27,7,8,,
537,0,GGGgGGGgrrrrrrrr,103,30,200,16.5,6,10,0,14,30,28,7,8,,
538,0,GGGgGGGgrrrrrrrr,106,31,201,16.46,7,9,0,15,31,29,7,8,,
539,0,GGGgGGGgrrrrrrrr,111,31,202,16.93,9,10,0,15,31,30,8,8,,
540,0,GGGgGGGgrrrrrrrr,113,31,202,17.0,9,10,0,16,31,31,8,8,keep,20
541,0,GGGgGGGgrrrrrrrr,115,32,204,16.85,10,9,0,17,32,31,8,8,,
542,0,GGGgGGGgrrrrrrrr,113,32,204,16.86,8,8,0,17,32,32,8,8,,
543,0,GGGgGGGgrrrrrrrr,114,32,204,16.88,8,8,0,18,32,32,8,8,,
544,0,GGGgGGGgrrrrrrrr,114,32,202,17.08,7,8,0,19,32,32,8,8,,
545,0,GGGgGGGgrrrrrrrr,115,32,204,17.43,7,8,0,20,32,32,8,8,,
546,0,GGGgGGGgrrrrrrrr,117,32,204,17.48,8,7,1,21,32,32,8,8,,
547,0,GGGgGGGgrrrrrrrr,116,32,204,17.52,7,7,0,22,32,32,8,8,,
548,0,GGGgGGGgrrrrrrrr,118,32,206,17.41,7,7,0,23,32,32,9,8,,
549,0,GGGgGGGgrrrrrrrr,118,32,207,17.39,7,7,0,23,32,32,9,8,,
550,0,GGGgGGGgrrrrrrrr,117,32,206,18.01,6,7,0,23,32,32,9,8,keep,20
551,0,GGGgGGGgrrrrrrrr,120,32,206,18.56,6,8,0,25,32,32,9,8,,
552,0,GGGgGGGgrrrrrrrr,123,32,207,19.05,8,9,0,24,32,32,10,8,,
553,0,GGGgGGGgrrrrrrrr,124,32,207,19.61,7,10,0,25,32,32,10,8,,
554,0,GGGgGGGgrrrrrrrr,124,32,207,20.17,6,10,0,26,32,32,10,8,,
555,0,GGGgGGGgrrrrrrrr,126,32,207,20.75,6,11,0,27,32,32,10,8,,
556,0,GGGgGGGgrrrrrrrr,129,32,207,21.34,6,12,0,28,32,32,10,9,,
557,0,GGGgGGGgrrrrrrrr,130,32,207,21.93,6,12,0,29,32,32,10,9,,
558,0,GGGgGGGgrrrrrrrr,130,32,206,22.63,5,13,0,29,32,32,10,9,,
559,0,GGGgGGGgrrrrrrrr,133,32,207,23.14,6,13,0,30,32,32,10,10,,
560,0,GGGgGGGgrrrrrrrr,135,32,207,23.79,7,14,0,30,32,32,10,10,keep,40
561,0,GGGgGGGgrrrrrrrr,137,32,206,24.54,7,15,0,31,32,32,10,10,,
562,0,GGGgGGGgrrrrrrrr,138,32,205,25.31,7,15,0,32,32,32,10,10,,
563,0,GGGgGGGgrrrrrrrr,139,32,206,25.84,8,15,0,32,32,32,10,10,,
564,0,GGGgGGGgrrrrrrrr,142,32,209,26.12,9,17,0,32,32,32,10,10,,
565,0,GGGgGGGgrrrrrrrr,143,32,209,26.75,10,17,0,32,32,32,10,10,,
566,0,GGGgGGGgrrrrrrrr,143,32,209,27.4,8,18,0,32,32,32,10,11,,
567,0,GGGgGGGgrrrrrrrr,145,32,208,28.18,9,18,0,32,32,32,11,11,,
568,0,GGGgGGGgrrrrrrrr,145,32,208,28.83,8,19,0,32,32,32,11,11,,
569,0,GGGgGGGgrrrrrrrr,144,32,208,29.48,6,20,0,32,32,32,11,11,,
570,0,GGGgGGGgrrrrrrrr,145,32,208,30.13,7,20,0,32,32,32,11,11,switch,20
571,1,yyyyyyyyrrrrrrrr,145,32,209,30.36,6,21,0,32,32,32,11,11,,
572,1,yyyyyyyyrrrrrrrr,145,32,210,30.87,4,22,1,32,32,32,11,11,,
573,1,yyyyyyyyrrrrrrrr,146,32,211,31.4,5,22,1,32,32,32,11,11,,
574,1,yyyyyyyyrrrrrrrr,149,32,210,32.24,6,23,2,32,32,32,11,11,,
575,2,rrrrrrrrGGGgGGGg,145,32,210,31.06,4,25,2,32,31,31,10,10,,
576,2,rrrrrrrrGGGgGGGg,142,32,210,29.9,5,25,2,32,30,30,9,9,,
577,2,rrrrrrrrGGGgGGGg,140,32,211,28.68,6,26,2,32,29,29,8,8,,
578,2,rrrrrrrrGGGgGGGg,139,32,212,27.48,7,27,3,32,28,28,7,7,,
579,2,rrrrrrrrGGGgGGGg,139,32,213,26.32,8,28,4,32,28,27,6,6,,
580,2,rrrrrrrrGGGgGGGg,137,32,212,25.44,7,29,4,32,27,26,6,6,keep,20
581,2,rrrrrrrrGGGgGGGg,137,32,212,24.43,9,28,5,32,27,25,5,6,,
582,2,rrrrrrrrGGGgGGGg,135,32,211,23.98,7,30,6,32,26,24,4,6,,
583,2,rrrrrrrrGGGgGGGg,131,32,212,23.48,8,30,6,32,24,23,3,5,,
584,2,rrrrrrrrGGGgGGGg,132,32,212,23.63,9,31,7,32,23,23,3,4,,
585,2,rrrrrrrrGGGgGGGg,134,32,213,23.55,10,31,9,32,23,22,3,4,,
586,2,rrrrrrrrGGGgGGGg,131,32,214,23.24,10,32,9,32,21,21,2,4,,
587,2,rrrrrrrrGGGgGGGg,129,32,214,23.12,11,32,9,32,20,20,1,4,,
588,2,rrrrrrrrGGGgGGGg,129,32,214,23.02,11,32,10,32,20,19,0,5,,
589,2,rrrrrrrrGGGgGGGg,129,32,213,23.05,12,32,11,32,19,18,0,5,,
590,2,rrrrrrrrGGGgGGGg,130,32,212,23.09,13,32,12,32,18,17,0,6,keep,20
591,2,rrrrrrrrGGGgGGGg,129,32,213,22.91,13,32,12,32,18,16,0,6,,
592,2,rrrrrrrrGGGgGGGg,132,32,212,23.3,15,32,12,32,18,16,0,7,,
593,2,rrrrrrrrGGGgGGGg,133,32,212,23.59,15,32,13,32,18,15,0,8,,
594,2,rrrrrrrrGGGgGGGg,134,32,213,23.44,16,32,14,32,17,14,0,9,,
595,2,rrrrrrrrGGGgGGGg,135,32,213,23.4,17,32,15,32,17,13,0,9,,
596,2,rrrrrrrrGGGgGGGg,135,32,214,23.26,18,32,15,32,17,12,0,9,,
597,2,rrrrrrrrGGGgGGGg,137,32,213,23.35,18,32,16,32,17,12,0,10,,
598,2,rrrrrrrrGGGgGGGg,136,32,213,23.66,18,32,18,31,15,12,0,10,,
599,2,rrrrrrrrGGGgGGGg,137,32,213,23.39,19,32,17,31,15,12,0,11,,
